{
    "unique_styles_count": 2,
    "unique_image_styles_count": 1,
    "unique_text_styles": [
        {
            "fontname": "Broadway",
            "size": 36,
            "stroking_color": [
                0
            ],
            "non_stroking_color": [
                0
            ],
            "isBold": false,
            "isItalic": false
        },
        {
            "fontname": "BookAntiqua",
            "size": 22,
            "stroking_color": [
                0
            ],
            "non_stroking_color": [
                0
            ],
            "isBold": false,
            "isItalic": false
        }
    ],
    "unique_image_styles": [
        {
            "fontname": "Aptos",
            "size": 12,
            "stroking_color": [
                0
            ],
            "non_stroking_color": [
                0
            ],
            "isBold": false,
            "isItalic": false
        }
    ],
    "sorted_text_style_frequency": {
        "0": 3,
        "1": 3
    },
    "style_location_mapping": {
        "style_00": [
            {
                "page_no": 1,
                "cord_list": [
                    [
                        72.024,
                        151.90800000000002,
                        736.156,
                        772.156
                    ],
                    [
                        160.90800000000002,
                        406.068,
                        736.156,
                        772.156
                    ],
                    [
                        72.024,
                        246.69599999999997,
                        688.996,
                        724.996
                    ]
                ]
            }
        ],
        "style_01": [
            {
                "page_no": 1,
                "cord_list": [
                    [
                        144.98,
                        191.07404,
                        315.57728,
                        337.53728
                    ],
                    [
                        196.60796,
                        345.4748,
                        315.57728,
                        337.53728
                    ],
                    [
                        350.9648000000001,
                        448.31348,
                        315.57728,
                        337.53728
                    ]
                ]
            }
        ]
    }
}