{
    "unique_styles_in_text": 2,
    "unique_styles_in_images": 0,
    "unique_text_styles": {
        "style_00": {
            "fontname": "Broadway",
            "size": 36,
            "stroking_color": [
                0
            ],
            "non_stroking_color": [
                0
            ],
            "isBold": false,
            "isItalic": false
        },
        "style_01": {
            "fontname": "BookAntiqua",
            "size": 22,
            "stroking_color": [
                0
            ],
            "non_stroking_color": [
                0
            ],
            "isBold": false,
            "isItalic": false
        }
    },
    "unique_image_styles": {},
    "sorted_text_style_frequency": {
        "style_00": 20,
        "style_01": 20
    },
    "sorted_image_style_frequency": {},
    "style_location_mapping": {
        "style_00": [
            {
                "page_no": 1,
                "cord_list": [
                    [
                        72.024,
                        69.76400000000001,
                        97.44,
                        105.76400000000001
                    ],
                    [
                        97.44,
                        69.76400000000001,
                        124.872,
                        105.76400000000001
                    ],
                    [
                        124.872,
                        69.76400000000001,
                        151.90800000000002,
                        105.76400000000001
                    ],
                    [
                        160.90800000000002,
                        69.76400000000001,
                        182.4,
                        105.76400000000001
                    ],
                    [
                        182.4,
                        69.76400000000001,
                        207.816,
                        105.76400000000001
                    ],
                    [
                        207.816,
                        69.76400000000001,
                        235.14000000000001,
                        105.76400000000001
                    ],
                    [
                        235.14000000000001,
                        69.76400000000001,
                        259.22400000000005,
                        105.76400000000001
                    ],
                    [
                        259.29600000000005,
                        69.76400000000001,
                        286.33200000000005,
                        105.76400000000001
                    ],
                    [
                        286.332,
                        69.76400000000001,
                        313.368,
                        105.76400000000001
                    ],
                    [
                        313.36800000000005,
                        69.76400000000001,
                        337.45200000000006,
                        105.76400000000001
                    ],
                    [
                        337.452,
                        69.76400000000001,
                        352.284,
                        105.76400000000001
                    ],
                    [
                        352.284,
                        69.76400000000001,
                        378.78,
                        105.76400000000001
                    ],
                    [
                        378.78,
                        69.76400000000001,
                        406.068,
                        105.76400000000001
                    ],
                    [
                        72.024,
                        116.92399999999998,
                        99.456,
                        152.92399999999998
                    ],
                    [
                        99.456,
                        116.92399999999998,
                        126.99600000000001,
                        152.92399999999998
                    ],
                    [
                        127.06800000000001,
                        116.92399999999998,
                        154.35600000000002,
                        152.92399999999998
                    ],
                    [
                        154.356,
                        116.92399999999998,
                        179.772,
                        152.92399999999998
                    ],
                    [
                        179.628,
                        116.92399999999998,
                        203.712,
                        152.92399999999998
                    ],
                    [
                        203.712,
                        116.92399999999998,
                        225.20399999999998,
                        152.92399999999998
                    ],
                    [
                        225.20399999999998,
                        116.92399999999998,
                        246.69599999999997,
                        152.92399999999998
                    ]
                ]
            }
        ],
        "style_01": [
            {
                "page_no": 1,