{
    "unique_styles_in_text": 3,
    "unique_styles_in_images": 1,
    "unique_text_styles": {
        "style_00": {
            "fontname": "Broadway",
            "size": 36,
            "stroking_color": [
                0
            ],
            "non_stroking_color": [
                0
            ],
            "isBold": false,
            "isItalic": false
        },
        "style_01": {
            "fontname": "Aptos",
            "size": 12,
            "stroking_color": [
                0
            ],
            "non_stroking_color": [
                0
            ],
            "isBold": false,
            "isItalic": false
        },
        "style_02": {
            "fontname": "BookAntiqua",
            "size": 22,
            "stroking_color": [
                0
            ],
            "non_stroking_color": [
                0
            ],
            "isBold": false,
            "isItalic": false
        }
    },
    "unique_image_styles": {},
    "sorted_text_style_frequency": {
        "style_01": 38,
        "style_00": 23,
        "style_02": 23
    },
    "sorted_image_style_frequency": {},
    "style_location_mapping": {
        "style_00": [
            {
                "page_no": 1,
                "cord_list": [
                    [
                        72.024,
                        736.156,
                        97.44,
                        772.156
                    ],
                    [
                        97.44,
                        736.156,
                        124.872,
                        772.156
                    ],
                    [
                        124.872,
                        736.156,
                        151.90800000000002,
                        772.156
                    ],
                    [
                        151.90800000000002,
                        736.156,
                        160.90800000000002,
                        772.156
                    ],
                    [
                        160.90800000000002,
                        736.156,
                        182.4,
                        772.156
                    ],
                    [
                        182.4,
                        736.156,
                        207.816,
                        772.156
                    ],
                    [
                        207.816,
                        736.156,
                        235.14000000000001,
                        772.156
                    ],
                    [
                        235.14000000000001,
                        736.156,
                        259.22400000000005,
                        772.156
                    ],
                    [
                        259.29600000000005,
                        736.156,
                        286.33200000000005,
                        772.156
                    ],
                    [
                        286.332,
                        736.156,
                        313.368,
                        772.156
                    ],
                    [
                        313.36800000000005,
                        736.156,
                        337.45200000000006,
                        772.156
                    ],
                    [
                        337.452,
                        736.156,
                        352.284,
                        772.156
                    ],
                    [
                        352.284,
                        736.156,
                        378.78,
                        772.156
                    ],
                    [
                        378.78,
                        736.156,
                        406.068,
                        772.156
                    ],
                    [
                        406.068,
                        736.156,
                        415.068,
                        772.156
                    ],
                    [
                        72.024,
                        688.996,
                        99.456,
                        724.996
                    ],
                    [
                        99.456,
                        688.996,
                        126.99600000000001,
                        724.996
                    ],
                    [
                        127.06800000000001,
                        688.996,
                        154.35600000000002,
                        724.996
                    ],
                    [
                        154.356,
                        688.996,
                        179.772,
                        724.996
                    ],
                    [
                        179.628,
                        688.996,
                        203.712,
                        724.996
                    ],
                    [
                        203.712,
                        688.996,
                        225.20399999999998,
                        724.996
                    ],
                    [
                        225.20399999999998,
                        688.996,
                        246.69599999999997,
                        724.996
                    ],
                    [
                        246.77,
                        688.996,
                        255.77,
                        724.996
                    ]
                ]
            }
        ],
        "style_01": [
            {
                "page_no": 1,